{
  "baseline": {
    "prec": 0.20000000000000007,
    "recall": 0.5,
    "noise": 8.0,
    "deliv": 10.0,
    "decoy": 0.08333333333333333
  },
  "fixed_0.03": {
    "prec": 0.6781746031746031,
    "recall": 0.9375,
    "noise": 1.8333333333333333,
    "deliv": 5.583333333333333,
    "decoy": 0.08333333333333333
  },
  "fixed_0.083": {
    "prec": 0.729166666666667,
    "recall": 0.8854166666666666,
    "noise": 1.2916666666666667,
    "deliv": 4.833333333333333,
    "decoy": 0.0
  }
}